FiscalYear,PayrollNumber,AgencyID,AgencyName,EmployeeID,LastName,FirstName,AgencyStartDate,WorkLocationBorough,TitleCode,TitleDescription,LeaveStatusasofJune30,BaseSalary,PayBasis,RegularHours,RegularGrossPaid,OTHours,TotalOTPaid,TotalOtherPay
2021,996,2153,NYC HOUSING AUTHORITY,209184,MUSTACIUOLO,VITO,2/26/2018,MANHATTAN,40475,EXECUTIVE DIRECTOR,ACTIVE,258000,per Annum,1820,257260.3,0,0,258000
2021,996,2153,NYC HOUSING AUTHORITY,302330,RUSS,GREGORY,8/12/2019,MANHATTAN,41143,CHAIR,ACTIVE,414707,per Annum,1820,413518.05,0,0,500
2021,816,2129,DEPT OF HEALTH/MENTAL HYGIENE,49788,HALLAHAN,PATRICK,2/26/2018,BROOKLYN,40782,STATIONARY ENGINEER,ACTIVE,508.8,per Day,2080,132288,2115.25,218628.18,56616.07
2021,816,2129,DEPT OF HEALTH/MENTAL HYGIENE,251626,PETTIT,PATRICK,8/2/2010,MANHATTAN,40782,STATIONARY ENGINEER,ACTIVE,508.8,per Day,2080,132288,2152.75,218694.96,38611.82
2021,816,2129,DEPT OF HEALTH/MENTAL HYGIENE,364376,TELEHANY,STEPHEN,1/16/2007,QUEENS,40782,STATIONARY ENGINEER,ACTIVE,508.8,per Day,2080,132288,1876.25,192296.19,51160.2
2021,462,2092,GUTTMAN COMMUNITY COLLEGE,375488,EVENBECK,SCOTT,4/17/2011,MANHATTAN,40640,PRESIDENT,CEASED,228000,per Annum,980,122427.81,0,0,244495.2
2021,996,2153,NYC HOUSING AUTHORITY,332352,DALEY,GARFIELD,5/24/1994,BRONX,40812,SUPERVISOR ELECTRICIAN,ACTIVE,460.25,per Day,1820,119469.25,2032.5,200038.56,28316.97
2021,816,2129,DEPT OF HEALTH/MENTAL HYGIENE,277548,REINHOLD,CHRISTOPHER,2/4/2019,BROOKLYN,40782,STATIONARY ENGINEER,ACTIVE,508.8,per Day,2080,134832.62,1755.25,172637.44,40184.01
2021,816,2129,DEPT OF HEALTH/MENTAL HYGIENE,243090,BEHRENS,GREGG,7/31/2006,MANHATTAN,40782,STATIONARY ENGINEER,ACTIVE,508.8,per Day,2080,132288,1689.25,170511.6,35905.23
2021,816,2129,DEPT OF HEALTH/MENTAL HYGIENE,105284,KELLY,SEAN,10/1/2004,BROOKLYN,41011,CITY MEDICAL EXAMINER,ACTIVE,238275,per Annum,2080,263716.96,159.25,22695.88,39879.43
2021,72,2017,DEPARTMENT OF CORRECTION,263232,PREZIOSO,ROBERT,3/24/2008,MANHATTAN,40782,STATIONARY ENGINEER,ACTIVE,508.8,per Day,2080,132288,1674.75,163680.96,28856.47
2021,72,2017,DEPARTMENT OF CORRECTION,27580,GLACKIN,THOMAS,1/27/2020,QUEENS,40782,STATIONARY ENGINEER,ACTIVE,508.8,per Day,2080,132288,1713.25,163552.17,16279.2
2021,816,2129,DEPT OF HEALTH/MENTAL HYGIENE,188446,MILEWSKI,YVONNE,12/9/2013,QUEENS,41011,CITY MEDICAL EXAMINER,ACTIVE,238275,per Annum,2080,263772.13,182,22075.41,24624.58
2021,816,2129,DEPT OF HEALTH/MENTAL HYGIENE,40072,GREENBERG,MICHAEL,7/1/2005,QUEENS,41011,CITY MEDICAL EXAMINER,ACTIVE,238275,per Annum,2080,260751.37,109.5,14252.23,32150.56
2021,826,2131,DEPT OF ENVIRONMENT PROTECTION,200736,MORENO,IRVIN,2/14/1989,MANHATTAN,40782,STATIONARY ENGINEER,ACTIVE,501.92,per Day,2080,130499.2,1271.5,120814.08,54310.04
2021,8,2044,OFFICE OF THE ACTUARY,298996,CHAN,SHERRY,5/18/2015,MANHATTAN,40237,CHIEF ACTUARY,ACTIVE,311885,per Annum,1820,311007.12,0,0,-5974.8
2021,816,2129,DEPT OF HEALTH/MENTAL HYGIENE,121788,LANDI,KRISTEN,7/1/2003,QUEENS,41011,CITY MEDICAL EXAMINER,ACTIVE,238275,per Annum,2080,268042.3,0,0,34011.18
2021,72,2017,DEPARTMENT OF CORRECTION,277294,REILLY JR,RICHARD,10/20/2014,QUEENS,40747,SENIOR STATIONARY ENGINEER,ACTIVE,581.12,per Day,2080,151091.2,1397.75,148760.04,1498.2
2021,816,2129,DEPT OF HEALTH/MENTAL HYGIENE,380296,UDEAGU,CHI-CHI,8/31/1992,QUEENS,40081,ADMINISTRATIVE STAFF ANALYST,ACTIVE,145415,per Annum,1820,145005.68,1330.75,153480.98,2463.44
2021,827,2132,DEPARTMENT OF SANITATION,360648,TAMAS,CHRISTOPHER,7/10/2000,BRONX,40809,SUPERVISOR,ACTIVE,108846,per Annum,2080,110309.14,1981.5,170883.87,17967.1
2021,15,2051,OFFICE OF THE COMPTROLLER,48216,HADDAD,MICHAEL,1/11/2016,MANHATTAN,40390,DIRECTOR OF  INVESTMENTS,ACTIVE,300000,per Annum,1820,299155.64,0,0,0
2021,996,2153,NYC HOUSING AUTHORITY,288214,CARDINALE,THOMAS,4/28/2003,BRONX,40628,PLUMBER,ACTIVE,369.53,per Day,1820,96077.8,1855,195850.91,6757.12
2021,816,2129,DEPT OF HEALTH/MENTAL HYGIENE,203742,MOSKIN,LINDA,11/21/2000,BROOKLYN,40257,CITY MEDICAL SPECIALIST,ACTIVE,84.62,per Hour,1750,164653.98,1314.75,122575.33,10313.26
2021,464,2094,COMMUNITY COLLEGE (QUEENSBORO),426278,ZINS,ROSEMARY,8/1/2005,QUEENS,40861,VICE PRESIDENT,CEASED,183314,per Annum,1190,117417.26,0,0,180066.82
2021,816,2129,DEPT OF HEALTH/MENTAL HYGIENE,107690,KHAN,MOHAMMED,3/21/2016,MANHATTAN,40782,STATIONARY ENGINEER,ACTIVE,508.8,per Day,2080,132288,1246.75,125010.57,40033.78
2021,816,2129,DEPT OF HEALTH/MENTAL HYGIENE,170794,MCCARTHY,TIMOTHY,1/8/2018,MANHATTAN,40782,STATIONARY ENGINEER,ACTIVE,508.8,per Day,2080,132288,1269.5,126017.04,38078.08
2021,816,2129,DEPT OF HEALTH/MENTAL HYGIENE,353532,STORCK,KARA,7/1/2009,QUEENS,41011,CITY MEDICAL EXAMINER,ACTIVE,229338,per Annum,2080,253899.23,145.75,18636.35,23582.98
2021,816,2129,DEPT OF HEALTH/MENTAL HYGIENE,58100,HAYES JR,JOHN,9/10/2018,MANHATTAN,41011,CITY MEDICAL EXAMINER,ACTIVE,238275,per Annum,2080,259607.51,268.75,32250.09,3044.57
2021,827,2132,DEPARTMENT OF SANITATION,313732,SARNO,JOHN,7/28/1997,BROOKLYN,40809,SUPERVISOR,ACTIVE,108846,per Annum,2080,110726.63,1907,164673.96,18437.02
2021,826,2131,DEPT OF ENVIRONMENT PROTECTION,104722,KELLEY,ROBERT,7/17/2006,MANHATTAN,40782,STATIONARY ENGINEER,ACTIVE,501.92,per Day,2080,130499.2,1171.5,113120.9,50058.35
2021,996,2153,NYC HOUSING AUTHORITY,224802,ARTEMCHUK,KENNETH,5/18/1998,QUEENS,40812,SUPERVISOR ELECTRICIAN,ACTIVE,460.25,per Day,1820,119629.9,1502.5,147508.09,25353.08
2021,816,2129,DEPT OF HEALTH/MENTAL HYGIENE,294118,ROMAN,KRISTIN,8/4/2014,MANHATTAN,41011,CITY MEDICAL EXAMINER,ACTIVE,238275,per Annum,2080,263716.96,0,102.85,26092.34
2021,72,2017,DEPARTMENT OF CORRECTION,310260,CLEMENTE,GARY,12/1/2008,QUEENS,40614,OILER,ACTIVE,478,per Day,2080,124280,1496.25,136939.12,28268.75
2021,742,2053,DEPT OF ED PEDAGOGICAL,290126,CARRANZA,RICHARD,4/2/2018,MANHATTAN,40137,ASSISTANT SUPERINTENDENT,CEASED,363346,per Annum,0,272509.56,0,0,16696.67
2021,816,2129,DEPT OF HEALTH/MENTAL HYGIENE,328990,SHERROCK,MICHAEL,11/16/2015,MANHATTAN,40614,OILER,ACTIVE,478,per Day,2080,124280,1536.75,137671.82,26895.02
2021,72,2017,DEPARTMENT OF CORRECTION,181316,MEGNATH,ISHWAR,5/8/2017,MANHATTAN,40782,STATIONARY ENGINEER,ACTIVE,508.8,per Day,2080,132288,1310.5,126953.55,29075.03
2021,816,2129,DEPT OF HEALTH/MENTAL HYGIENE,310434,CLERKIN,MATTHEW,7/1/2013,MANHATTAN,40782,STATIONARY ENGINEER,ACTIVE,508.8,per Day,2080,132288,1191,116270.34,38104.45
2021,816,2129,DEPT OF HEALTH/MENTAL HYGIENE,375674,EVES,JOHN,6/24/2007,MANHATTAN,40747,SENIOR STATIONARY ENGINEER,ACTIVE,603.84,per Day,2080,156998.4,1116.5,124485.39,4528.8
2021,816,2129,DEPT OF HEALTH/MENTAL HYGIENE,217792,NILSEN,DIANA,1/5/2004,QUEENS,40257,CITY MEDICAL SPECIALIST,ACTIVE,213294,per Annum,2080,236257.2,452,48859.58,225.43
2021,2,2041,OFFICE OF THE MAYOR,399268,FULEIHAN,DEAN,12/31/2017,MANHATTAN,40497,FIRST DEPUTY MAYOR,ACTIVE,291139,per Annum,1820,290319.68,0,0,-5577.4
2021,816,2129,DEPT OF HEALTH/MENTAL HYGIENE,385940,FINE,ANNE,9/14/1998,QUEENS,40257,CITY MEDICAL SPECIALIST,ON SEPARATION LEAVE,84.62,per Hour,2009,187944.49,866.25,82287.14,12539.96
2021,816,2129,DEPT OF HEALTH/MENTAL HYGIENE,36198,GRAHAM,JASON,7/3/2006,MANHATTAN,41011,CITY MEDICAL EXAMINER,ACTIVE,238275,per Annum,2080,260751.37,-27,-1983.53,23643.93
2021,827,2132,DEPARTMENT OF SANITATION,36130,GRAHAM,DEVON,8/21/2000,QUEENS,40809,SUPERVISOR,ACTIVE,108846,per Annum,2080,110726.63,1808,153392.57,18034.19
2021,827,2132,DEPARTMENT OF SANITATION,307502,CIOLLI,MARIO,7/24/2000,BROOKLYN,40809,SUPERVISOR,ACTIVE,108846,per Annum,2080,110726.63,1791,153452.2,17799.64
2021,827,2132,DEPARTMENT OF SANITATION,258732,POLIDORO,JOSEPH,10/18/1999,QUEENS,40809,SUPERVISOR,ACTIVE,108846,per Annum,2080,110306.9,1894,161609.68,9623.13
2021,463,2093,COMMUNITY COLLEGE (BRONX),82018,ISEKENEGBE,THOMAS,8/17/2015,BRONX,40640,PRESIDENT,ACTIVE,226000,per Annum,1820,225375.67,0,0,55670.5
2021,469,2099,COMMUNITY COLLEGE (LAGUARDIA),203774,ADAMS,KENNETH,8/17/2020,QUEENS,40640,PRESIDENT,ACTIVE,270000,per Annum,1575,233013.6,0,0,47246.6
2021,57,2012,FIRE DEPARTMENT,390038,FLYNN,DANIEL,7/7/1999,BROOKLYN,40241,CHIEF FIRE MARSHAL,ACTIVE,235462,per Annum,2080,162911.44,1564.92,110078.87,6532.24
2021,816,2129,DEPT OF HEALTH/MENTAL HYGIENE,284796,CAMPISI,VINCENT,8/12/2019,MANHATTAN,40782,STATIONARY ENGINEER,ACTIVE,508.8,per Day,2080,132288,1208.75,118173.57,28313.72
2021,827,2132,DEPARTMENT OF SANITATION,307342,SALVATI,PHILIP,11/15/2004,QUEENS,40809,SUPERVISOR,ACTIVE,108846,per Annum,2080,110726.63,1796,151311.33,16643.84
2021,996,2153,NYC HOUSING AUTHORITY,34400,GORDON,PATRICK,9/3/2019,BRONX,40222,CARPENTER,ACTIVE,375.06,per Day,1820,97141.89,2064,171293.52,10184.41
2021,868,2141,DEPT OF CITYWIDE ADMIN SVCS,98108,JOSEPH,SAMUEL,4/1/1986,MANHATTAN,40782,STATIONARY ENGINEER,ACTIVE,508.8,per Day,2080,132288,1138.5,108461.85,37739.89
2021,816,2129,DEPT OF HEALTH/MENTAL HYGIENE,115990,KRAUSERT,AMANDA,11/5/2018,MANHATTAN,41011,CITY MEDICAL EXAMINER,CEASED,238275,per Annum,2080,258467.67,122.75,14935.57,3874.98
2021,868,2141,DEPT OF CITYWIDE ADMIN SVCS,121346,LAMONTE,ROBERT,9/19/2016,BROOKLYN,40782,STATIONARY ENGINEER,ACTIVE,508.8,per Day,2080,132288,1108,110045.49,34549.61
2021,827,2132,DEPARTMENT OF SANITATION,208876,ALBANESE,JOSEPH,5/3/2004,RICHMOND,41125,GENERAL SUPERINTENDENT,ACTIVE,132309,per Annum,2080,134594.25,1295.5,134122.99,7820.23
2021,466,2096,COMMUNITY COLLEGE (MANHATTAN),207168,MUNROE,ANTHONY,9/1/2020,MANHATTAN,40640,PRESIDENT,ACTIVE,275000,per Annum,1498,225726.08,0,0,49731.8
2021,816,2129,DEPT OF HEALTH/MENTAL HYGIENE,348494,STAHL-HERZ,JAY,7/2/2012,BROOKLYN,41011,CITY MEDICAL EXAMINER,ACTIVE,229338,per Annum,2080,253899.62,0,24.48,21353.22
2021,816,2129,DEPT OF HEALTH/MENTAL HYGIENE,355076,STUELPNAGEL,JEREMY,7/1/2013,MANHATTAN,41011,CITY MEDICAL EXAMINER,ACTIVE,229338,per Annum,2080,253843.03,0,0,21230.51
2021,72,2017,DEPARTMENT OF CORRECTION,292226,CARUSO,VINCENT,8/8/2016,QUEENS,40614,OILER,ACTIVE,478,per Day,2080,124280,1337,121611.7,28736.27
2021,901,2142,DISTRICT ATTORNEY-MANHATTAN,222850,OCONNELL,KERRY,8/26/1985,MANHATTAN,41252,ASSISTANT DISTRICT ATTORNEY,ACTIVE,200000,per Annum,1820,199437.01,0,0,75000
2021,3,2042,BOARD OF ELECTION,224468,OGUNWALE,ABIODUN,7/3/2005,MANHATTAN,40304,COMPUTER SPECIALIST,ACTIVE,117519,per Annum,1820,117188.28,2113.5,153333.23,1717.58
2021,816,2129,DEPT OF HEALTH/MENTAL HYGIENE,313250,COLEMAN,ANDREA,10/22/2018,BROOKLYN,41011,CITY MEDICAL EXAMINER,ACTIVE,238275,per Annum,2080,258825.06,56.5,6447.57,4537.68
2021,4,2043,CAMPAIGN FINANCE BOARD,222308,O'BRIEN,KENNETH,1/29/1989,MANHATTAN,40092,ANALYST,ON SEPARATION LEAVE,189238,per Annum,1820,188705.28,26.25,2850.83,77794.49
2021,996,2153,NYC HOUSING AUTHORITY,243150,BEINERMAN,JASON,3/8/2010,MANHATTAN,40831,SUPERVISOR PLUMBER,ACTIVE,387.03,per Day,1820,99115.3,1533,166984.21,2613.92
2021,827,2132,DEPARTMENT OF SANITATION,398464,WARD,SKYLER,9/24/2012,QUEENS,40809,SUPERVISOR,ACTIVE,108846,per Annum,2080,108326.62,1876,153590.47,6699.2
2021,868,2141,DEPT OF CITYWIDE ADMIN SVCS,174766,MCGOVERN,GERARD,9/21/2015,MANHATTAN,40782,STATIONARY ENGINEER,ACTIVE,508.8,per Day,2080,132288,1150.5,106996.14,29085.49
2021,827,2132,DEPARTMENT OF SANITATION,168952,MC GURRAN,RAYMOND,3/22/2004,BRONX,40809,SUPERVISOR,ACTIVE,108846,per Annum,2080,110726.63,1685,141839.62,15580.89
2021,827,2132,DEPARTMENT OF SANITATION,139910,LOGAN,MARK,9/5/2000,BRONX,40809,SUPERVISOR,ACTIVE,108846,per Annum,2080,110726.63,1615.02,138991.53,18294.71
2021,836,2134,DEPARTMENT OF FINANCE,336764,SKUZENSKI,DEREK,2/19/2013,BRONX,41149,SUPERVISING DEPUTY SHERIFF - AL 1 ONLY 40 HR,ACTIVE,108784,per Annum,2000,106486.42,1892.25,152448.05,7939.16
2021,72,2017,DEPARTMENT OF CORRECTION,324158,COX,TIA,10/11/2001,QUEENS,40864,WARDEN-ASSISTANT DEPUTY WARDEN TED < 11/1/92,ACTIVE,128355,per Annum,2080,127452.46,1825.75,123102.65,16305.89
2021,57,2012,FIRE DEPARTMENT,349374,DIAMOND,ANDY,1/9/1980,QUEENS,40824,SUPERVISOR OF MECHANICS,ACTIVE,148202,per Annum,2080,147784.86,1036.25,110702.16,7893.46
2021,868,2141,DEPT OF CITYWIDE ADMIN SVCS,378730,FARRELL,PAUL,6/22/2009,MANHATTAN,40614,OILER,ACTIVE,478,per Day,2080,124280,1197,108288.51,33725.26
2021,468,2098,COMMUNITY COLLEGE (HOSTOS),338960,DE FILIPPIS,DAISY,1/15/2002,BRONX,40640,PRESIDENT,ACTIVE,260000,per Annum,1650,235068.43,0,0,31019.2
2021,846,2136,DEPT OF PARKS & RECREATION,246242,PENTENRIEDER,ERIC,10/29/2018,MANHATTAN,40782,STATIONARY ENGINEER,ACTIVE,508.8,per Day,2080,132288,1111.5,105286.62,27670.21
2021,827,2132,DEPARTMENT OF SANITATION,377510,FAMIGLIETTI,ROCCO,6/1/1983,BROOKLYN,40809,SUPERVISOR,ACTIVE,108846,per Annum,2080,110726.63,1578,135634.66,18720.47
2021,57,2012,FIRE DEPARTMENT,72476,HORAN,WILLIAM,1/16/1994,RICHMOND,40207,CAPTAIN,ACTIVE,135511,per Annum,2080,146527.13,915.15,83800.55,34068.97
2021,15,2051,OFFICE OF THE COMPTROLLER,405782,GARLAND,MICHAEL,9/12/2010,MANHATTAN,40390,DIRECTOR OF  INVESTMENTS,ACTIVE,265000,per Annum,1820,264254.05,0,0,0
2021,15,2051,OFFICE OF THE COMPTROLLER,214166,NELSON,YVONNE,2/22/2005,MANHATTAN,40538,INVESTMENT MANAGER,ACTIVE,265000,per Annum,1820,264254.05,0,0,0
2021,72,2017,DEPARTMENT OF CORRECTION,275942,BURKE,THOMAS,10/16/1996,QUEENS,40824,SUPERVISOR OF MECHANICS,ACTIVE,511.76,per Day,2080,133057.6,1382,129568.6,1463.31
2021,816,2129,DEPT OF HEALTH/MENTAL HYGIENE,391140,FOOTE,MARY,5/4/2015,QUEENS,40257,CITY MEDICAL SPECIALIST,ACTIVE,94.3,per Hour,1765,183191.01,849.5,83468.32,-2723.68
2021,816,2129,DEPT OF HEALTH/MENTAL HYGIENE,250212,PESTANER,JOSEPH,7/2/2018,MANHATTAN,41011,CITY MEDICAL EXAMINER,ACTIVE,238275,per Annum,2080,260157.37,0,47.63,3641.46
2021,742,2053,DEPT OF ED PEDAGOGICAL,315726,SCANLON,DANIEL,9/17/1984,OTHER,40642,PRINCIPAL,CEASED,192578,per Annum,0,111750.02,0,0,152036.6
2021,868,2141,DEPT OF CITYWIDE ADMIN SVCS,400004,WASIAK,KRZYSZTOF,10/23/2002,MANHATTAN,40782,STATIONARY ENGINEER,ACTIVE,508.8,per Day,2080,132288,1089.25,102721.95,28625.41
2021,57,2012,FIRE DEPARTMENT,345832,DENISENKO,DMITRIY,9/14/2015,QUEENS,40440,ELECTRICIAN,ACTIVE,427.35,per Day,1820,110977,1567.75,143239.77,9311.48
2021,72,2017,DEPARTMENT OF CORRECTION,390816,VIKULTSEV,DMITRIY,2/19/2008,QUEENS,40440,ELECTRICIAN,ACTIVE,427.35,per Day,1820,110977,1397.75,127746.09,23936.82
2021,816,2129,DEPT OF HEALTH/MENTAL HYGIENE,366868,THOMAS,GUAJIRA,8/14/2017,QUEENS,40257,CITY MEDICAL SPECIALIST,ACTIVE,99.62,per Hour,2005,220675.63,515,51458.78,-9809.05
2021,57,2012,FIRE DEPARTMENT,24594,GIERER,RAYMOND,7/5/1992,RICHMOND,40587,MARINE ENGINEER,ACTIVE,103195,per Annum,2080,102904.44,2872,139592.82,19616.8
2021,56,2010,POLICE DEPARTMENT,220032,ANSELMI,PETER,6/3/2013,MANHATTAN,40782,STATIONARY ENGINEER,ACTIVE,508.8,per Day,2080,132288,1217.5,116052.51,13357.38
2021,57,2012,FIRE DEPARTMENT,265326,BRENNAN,JAMES,1/20/2005,QUEENS,40440,ELECTRICIAN,ACTIVE,427.35,per Day,1820,110977,1348.5,123314.08,27350.6
2021,996,2153,NYC HOUSING AUTHORITY,326020,CRISTINO,LEONARDO,4/14/2003,BROOKLYN,40628,PLUMBER,ACTIVE,369.53,per Day,1820,96077.8,1527.75,161299.85,4117.62
2021,868,2141,DEPT OF CITYWIDE ADMIN SVCS,339386,DE LA CUADRA,FRED,7/24/2006,BROOKLYN,40782,STATIONARY ENGINEER,ACTIVE,508.8,per Day,2080,132288,1068,101041.32,27558.3
2021,57,2012,FIRE DEPARTMENT,388000,FLAHERTY,JOHN,8/8/1999,QUEENS,40207,CAPTAIN,ACTIVE,135511,per Annum,2080,146527.13,994.18,80639.34,33180.62
2021,57,2012,FIRE DEPARTMENT,202402,MORRIS,ROBERT,7/9/1995,MANHATTAN,40207,CAPTAIN,ACTIVE,135511,per Annum,2080,146527.13,846.12,78077.87,35047.48
2021,826,2131,DEPT OF ENVIRONMENT PROTECTION,353736,STOWE,SIGBERT,6/2/2008,RICHMOND,40782,STATIONARY ENGINEER,ACTIVE,501.92,per Day,2080,131554.7,769.8,74271.26,53674.67
2021,72,2017,DEPARTMENT OF CORRECTION,28538,GLOVER,LILWANIA,6/1/2000,QUEENS,40864,WARDEN-ASSISTANT DEPUTY WARDEN TED < 11/1/92,ACTIVE,128355,per Annum,2080,127452.46,1408,118446.72,13409.33
2021,72,2017,DEPARTMENT OF CORRECTION,164144,MASSEY-COVINGTO,DARLENE,3/4/2004,QUEENS,40864,WARDEN-ASSISTANT DEPUTY WARDEN TED < 11/1/92,ACTIVE,128355,per Annum,2080,127452.46,2161,111907.5,19537.03
2021,868,2141,DEPT OF CITYWIDE ADMIN SVCS,52830,HARDING,ARCHIBALD,5/31/2016,MANHATTAN,40782,STATIONARY ENGINEER,ACTIVE,508.8,per Day,2080,132288,901.25,90004.07,36369.1
2021,57,2012,FIRE DEPARTMENT,174178,MCGEARY,JOSEPH,8/19/1990,BROOKLYN,40207,CAPTAIN,ACTIVE,135511,per Annum,2080,146527.13,833.63,77912.32,34206.86
2021,56,2010,POLICE DEPARTMENT,302174,CHENG,CHRISTOPHER,6/30/1998,MANHATTAN,40579,LIEUTENANT D/A SPECIAL ASSIGNMENT,ACTIVE,149068,per Annum,2080,147066.63,950.08,90551.25,20495.26
2021,56,2010,POLICE DEPARTMENT,229552,ORTEGA,MANUEL,2/12/2018,MANHATTAN,40782,STATIONARY ENGINEER,ACTIVE,508.8,per Day,2080,131779.2,1085.25,102184.53,24136.67
1999,45,2010,POLICE DEPARTMENT,229552,ORTEGA,MANUEL,2/12/2018,MANHATTAN,40782,STATIONARY ENGINEER,ACTIVE,508.8,per Day,2080,131779.2,1085.25,102184.53,24136.67
